{"cameraMode":{"drawMode":0,"name":"Shaded","section":"Shading Mode"},"sceneLighting":true,"audioPlay":false,"sceneViewState":{"showFog":true,"showMaterialUpdate":false,"showSkybox":true,"showFlares":true,"showImageEffects":true,"showParticleSystems":true},"in2DMode":false,"pivot":{"x":-0.9263216853141785,"y":0.40290847420692446,"z":0.6469593644142151},"rotation":{"x":-0.0645180493593216,"y":0.9047917723655701,"z":-0.14815981686115266,"w":-0.3940029442310333},"size":11.388553619384766,"orthographic":false}